Business Name,Website,Email
1 Degree HVAC,http://www.1degreehvac.com/,1degreehvac@gmail.com
212 HVAC Brooklyn,http://www.212hvac.com/,info@212hvac.com
495 Advanced Carpentry,http://www.495advancedcarpentry.com/,chazz@495advancedcarpentry.com
5 Star Masonry & Fence | Mason Contractors Long Island | Fence Company Long Island,http://www.5starmasonry.com/,info@website.com
5 Stars Remodeling,https://www.5-starsremodeling.com/,Joey@5stars-remodeling.com
A Father of Four,https://www.afatheroffour.com/,jasonzehner@icloud.com
A Palmieri Landscaping Co Inc,https://apalmierilandscapers.com/,info@apalmierilandscapers.com
"A Real Advantage, Inc.",https://arealadvantageconstruction.com/,arealadvantage@gmail.com
A to Z Renovations,https://atozrenovationsny.com/,info@atozrenovationsny.com
A to Z Renovations NYC,https://atozrenovationsny.com/,info@atozrenovationsny.com
A&A Pro General Contractor 盛居裝修公司,https://www.aaprodecor.com/,chenhaifeng89@yahoo.com
A&A Pro General Contractor 盛居裝修公司,https://www.googleadservices.com/pagead/aclk?sa=L&ai=DChcSEwjYj5-pnJ2HAxUYisIIHdk8A2wYABAAGgJqZg&ase=2&gclid=EAIaIQobChMI2I-fqZydhwMVGIrCCB3ZPANsEBAYAiAAEgIiI_D_BwE&ohost=www.google.com&cid=CAASEuRoCi_0HZnzf_oGAs9QP7SElQ&sig=AOD64_0KJKYQl2IYCExYEKbcX2Fm8We4gA&q=&nis=4&ctype=99&ved=2ahUKEwjdmpOpnJ2HAxW0hJUCHdeQAMYQhKwBegQIGBAe&adurl=,chenhaifeng89@yahoo.com
A&I Mechanical Service Inc,https://www.aimechanical.com/,aiservice8600@gmail.com
A&T Painting & Powerwashing,https://www.facebook.com/A.T.Painting.PowerWashing,Yorka.tpainting@aol.comAlways
A-Z Nassau Construction Corp.,https://www.aznassauconstructioncorp.com/,aznccorp@gmail.com
AAAS Electrical Contracting Corporation,https://aaaselectric.com/,Email-AAASelectricalcontracting@gmail.com
AB Original Construction,https://aboriginalconstructionllc.com/,aboriginalconstruction@gmail.com
ADKINS LANDSCAPE CONTRACTING,https://clienthub.getjobber.com/booking/502eec90-2691-4617-aaad-3964f4569bf2?hl=en-US&gei=m-KOZsXgMfKh5NoP0a6k-A4&rwg_token=AJKvS9VYdmvsR1zPFcQUl7YuxeAn0jlMcx7rxSeTanQ0QF2o2fqfVt0ncs4k-LFrnMDv2NpB6V-RvJEYLmmCbpVUEvwFqaBwxw%3D%3D&source=cat,679-9943info@adkinslandscapenyc.comVisit
AF Supply | Freeport,https://www.afsupply.com/locations/freeport-ny,B2C@afsupply.com
AIC Landscaping,http://aiclandscaping.com/,aicland88@yahoo.com
AJS Plumbing and Heating,https://www.ajsplumbingheating.com/,ContactUs@AJSPlumbingheating.com
AK Roofing 3D,https://akroofing3d.com/,akroofing3d@gmail.com
"ANG Contracting, Inc",http://angcontracting.com/,fgelder@angcontracting.com
ARCTIC CHILL HVAC SOLUTIONS,http://arcticchillhvacny.com/,support@townsquareinteractive.com
AVA Electrical & Lighting Services,http://avaelectricalandlighting.com/,info@avaelectricalandlighting.com
AVL ROOFTIME LLC,https://www.avlrooftime.com/,avlrooftime@gmail.com
AZ PAINTING & HOME IMPROVEMENT,http://azpaintingny.com/,azpaintingny@gmail.com
Abingdon Construction Inc.,http://www.abingdonconstruction.com/,info@abingdonconstruction.com
Abraham Roofing,https://www.abrahamroofing.com/,info@abrahamroofing.com
Absolute Electrical Contracting & Design,http://generac.absoluteelectricalcontractinganddesign.com/,Aecd@absolutec-d.com
Abzun Carpentry,https://abzuncarpentry.com/greenwich-ct/?utm_source=google&utm_medium=gmb&utm_campaign=greenwich,info@abzuncarpentry.com
Abzun Carpentry Ct,https://abzuncarpentry.com/stamford-ct/?utm_source=google&utm_medium=gmb&utm_campaign=stamford,info@abzuncarpentry.com
Accu-Air Mechanical Corp,http://accuairmechanicalcorp.com/,info@accuairmechanicalcorp.com
Admire Landscaping & Lawn Care,http://admirelandscaping.com/,gardens@admirelandscaping.com
Advanced Driveways & Patios Paving & Masonry Specialist,https://www.advanceddrivewaysandpatioscorp.com/,%20advanceddrives833@gmail.com
Air Care Air Conditioning Services,http://aircareairconditioning.com/,Info@AirCareAirConditioning.Com
Air Conditioning Services Inc.,https://airconditioningservices.net/?utm_campaign=gmb,service@airconditioningservices.net
"Alcyone Plumbing Company, Inc.",http://www.alcyoneplumbing.com/,service@alcyoneplumbing.com
All Air Specialists,https://allairspecialists.com/merrick-hvac-contractors,allairspecialists@gmail.com
All County Plumbing LLC,https://allcountyplumbingli.com/,allcountyplumn@gmail.comAddress
All Day Plumbing & Heating Corp.,https://alldayph.com/,plumbers@alldayph.com
All Good Electric Corporation,http://www.allgoodelectric.net/,info@allgoodelectric.net
All Island Dockbuilders,https://allislanddockbuilders.com/,seatechpermits@gmail.com
"All Island Plumbing, Heating & Cooling LLC",https://www.allislandhvac.com/,steve@allislandhvac.com
All Pro Painting Co | Nassau County Painters,http://allpropaintingco.com/,info@allpropaintingco.com
All Shore Paving Corporation,http://www.allshorepavingny.com/,allshorepaving@gmail.com
"All Shore Plumbing , Heating & Cooling Inc",https://www.allshoreplumbingheat.com/,info@allshoreplumbingheat.com
All Site Roofing LLC,http://allsiteroofing.com/,info@allsiteroofing.com
All Weather Guard,http://allweatherguard.com/,brian@allweatherguard.com
"All-Star Roofing, Inc.",http://www.allstarroof.com/,info@allstarroof.com
All-Tite Commercial Roofing Systems Inc.,http://alltiteroofing.com/,sales@alltiteroofing.com
Allied/All City Inc.,https://alliedallcityinc.com/,jmalliedallcity@gmail.com
Alonzo Carpentry,https://alonzocarpentry.com/?utm_campaign=gmb,alonzocarpentry@gmail.com
Altura Painting Contractors,http://www.alturapainting.com/,info@alturapainting.com
Alvarenga Stucco & Masonry Corp,https://www.alvarengastucco.com/,alvarengastucco1@gmail.com
Ambassador Home Improvement,https://www.ambassadorhi.com/,Info@ambassadorHI.com
"American Dream Home Improvement, Inc.",https://www.americandreamhi.com/,paulatamericandream@gmail.com
Ancar Painting Contractors,https://ancarprofessionalpainting.com/,ancarpaintingconts@gmail.com
Architectural Kahnceptions PLLC,https://www.googleadservices.com/pagead/aclk?sa=L&ai=DChcSEwjNwITRmZ2HAxUHakcBHcW7C1QYABAAGgJxdQ&ase=2&gclid=EAIaIQobChMIzcCE0ZmdhwMVB2pHAR3FuwtUEBAYAiAAEgKrlfD_BwE&ohost=www.google.com&cid=CAASEuRoglZDO2aLh35LfS0nyol_yw&sig=AOD64_3l4PfeyrrRSTMh4-6onH-7BlG33g&q=&nis=4&ctype=99&ved=2ahUKEwiMqv3QmZ2HAxUSFlkFHUGzBxw4oAEQhKwBegQIKRAc&adurl=,info@kahnceptions.comCheck
Architectural Kahnceptions PLLC,https://www.googleadservices.com/pagead/aclk?sa=L&ai=DChcSEwjYia2Pmp2HAxUx6hYFHbsaC1MYABAHGgJ0bA&ase=2&gclid=EAIaIQobChMI2Imtj5qdhwMVMeoWBR27GgtTEBAYAiAAEgLAWPD_BwE&ohost=www.google.com&cid=CAASEuRorhhzyrTg8eSs7zB8CPAOBw&sig=AOD64_0zQgi16gvblHvxSWZkQiflINpm7w&q=&nis=4&ctype=99&ved=2ahUKEwjb7qaPmp2HAxX5m68BHQLoBPIQhKwBegQIIBAi&adurl=,info@kahnceptions.comCheck
Architectural Kahnceptions PLLC,https://www.googleadservices.com/pagead/aclk?sa=L&ai=DChcSEwjj2diWmp2HAxUfdEcBHQDQASIYABAAGgJxdQ&ase=2&gclid=EAIaIQobChMI49nYlpqdhwMVH3RHAR0A0AEiEBAYASAAEgK_MfD_BwE&ohost=www.google.com&cid=CAASEuRobYo0sMEdejiqVB7hKPi51A&sig=AOD64_15g5qw7RgGwTdfH56JxUEKIP8FOg&q=&nis=4&ctype=99&ved=2ahUKEwiZqNGWmp2HAxU8D1kFHaM7DYw4PBCErAF6BAgoEA8&adurl=,info@kahnceptions.comCheck
Architectural Kahnceptions PLLC,https://www.googleadservices.com/pagead/aclk?sa=L&ai=DChcSEwivubWqmp2HAxXgSEcBHQTBDOUYABAHGgJxdQ&ase=2&gclid=EAIaIQobChMIr7m1qpqdhwMV4EhHAR0EwQzlEBAYASAAEgIsxfD_BwE&ohost=www.google.com&cid=CAASEuRoIETXGUs0p8mQgEXk9OqrVw&sig=AOD64_2z6_8yrApUUFvCjzaQ16AbLZ_i5Q&q=&nis=4&ctype=99&ved=2ahUKEwiop66qmp2HAxWfFFkFHbXDAK043AEQhKwBegQIGBAP&adurl=,info@kahnceptions.comCheck
Architectural Kahnceptions PLLC,https://www.googleadservices.com/pagead/aclk?sa=L&ai=DChcSEwjAr_q6mp2HAxWtWUcBHa9oABYYABAAGgJxdQ&ase=2&gclid=EAIaIQobChMIwK_6upqdhwMVrVlHAR2vaAAWEBAYAiAAEgId9_D_BwE&ohost=www.google.com&cid=CAASEuRoiW1l0F7tF4d5I7s-occyvA&sig=AOD64_281V5VssNhjrQkj2rBzaW4Qfabsg&q=&nis=4&ctype=99&ved=2ahUKEwjd8fO6mp2HAxUqFlkFHXBQDos4ZBCErAF6BAgrEBw&adurl=,info@kahnceptions.comCheck
Architectural Kahnceptions PLLC,https://www.googleadservices.com/pagead/aclk?sa=L&ai=DChcSEwi31fW_mp2HAxWqYUcBHcLsBNkYABAAGgJxdQ&ase=2&gclid=EAIaIQobChMIt9X1v5qdhwMVqmFHAR3C7ATZEBAYAiAAEgI_x_D_BwE&ohost=www.google.com&cid=CAASEuRomM8wjBkPebV_g_jjgdj02g&sig=AOD64_3Y2jzvDJEqLc2X3bMtZNYQGAxnKw&q=&nis=4&ctype=99&ved=2ahUKEwi25--_mp2HAxVfD1kFHZMgBvg4jAEQhKwBegQIFBAc&adurl=,info@kahnceptions.comCheck
Architectural Kahnceptions PLLC,https://www.googleadservices.com/pagead/aclk?sa=L&ai=DChcSEwic4enEmp2HAxW_RUcBHZmeDmwYABAAGgJxdQ&ase=2&gclid=EAIaIQobChMInOHpxJqdhwMVv0VHAR2Zng5sEBAYAiAAEgK4VfD_BwE&ohost=www.google.com&cid=CAASEuRo5YQCJFT-fqO1LUkfUqmdjg&sig=AOD64_2tqVGU56ipndaHDsG82Nayw3iRxQ&q=&nis=4&ctype=99&ved=2ahUKEwjoy-PEmp2HAxWuEFkFHfySCpM4tAEQhKwBegQIGBAc&adurl=,info@kahnceptions.comCheck
Architectural Kahnceptions PLLC,https://www.googleadservices.com/pagead/aclk?sa=L&ai=DChcSEwjPiuLHmp2HAxU4XEcBHZiqCJcYABAAGgJxdQ&ase=2&gclid=EAIaIQobChMIz4rix5qdhwMVOFxHAR2YqgiXEBAYAiAAEgIvWfD_BwE&ohost=www.google.com&cid=CAASEuRoiC-bx4KCP0xvge2lPGZEzg&sig=AOD64_0eAAi-vQau8BTohaEIP-UtdElitA&q=&nis=4&ctype=99&ved=2ahUKEwjk3NrHmp2HAxV0EFkFHa6sAe84yAEQhKwBegQIHhAc&adurl=,info@kahnceptions.comCheck
Architectural Kahnceptions PLLC,https://www.googleadservices.com/pagead/aclk?sa=L&ai=DChcSEwjVr_remp2HAxW9XEcBHRa9BtQYABAAGgJxdQ&ase=2&gclid=EAIaIQobChMI1a_63pqdhwMVvVxHAR0WvQbUEBAYAiAAEgJLf_D_BwE&ohost=www.google.com&cid=CAASEuRoIyaeHAZfxU6NCqLunYtI1Q&sig=AOD64_0oT9DSiMnO2fqPdoShm16nLY13Wg&q=&nis=4&ctype=99&ved=2ahUKEwifperemp2HAxWzOFkFHTeZBBY4FBCErAF6BAgaEBw&adurl=,info@kahnceptions.comCheck
Architectural Kahnceptions PLLC,https://www.googleadservices.com/pagead/aclk?sa=L&ai=DChcSEwi4yLLhmp2HAxVfZEcBHTcVAHIYABAAGgJxdQ&ase=2&gclid=EAIaIQobChMIuMiy4ZqdhwMVX2RHAR03FQByEBAYAiAAEgItmfD_BwE&ohost=www.google.com&cid=CAASEuRow6OWp8iOJvD5KODQDEOzAg&sig=AOD64_0TkbQcBcrDaDVkQfbSeUOCn_JWRg&q=&nis=4&ctype=99&ved=2ahUKEwjMsKLhmp2HAxXrD1kFHXNhAvU4KBCErAF6BAgtEBw&adurl=,info@kahnceptions.comCheck
Architectural Kahnceptions PLLC,https://www.googleadservices.com/pagead/aclk?sa=L&ai=DChcSEwjAnKTmmp2HAxU9aEcBHa8EBuwYABAAGgJxdQ&ase=2&gclid=EAIaIQobChMIwJyk5pqdhwMVPWhHAR2vBAbsEBAYAiAAEgJ95fD_BwE&ohost=www.google.com&cid=CAASEuRouURjfapUNZDaqRWkGdaRnw&sig=AOD64_3zJj6bWygQ_OYZd3qkr_eTakxzsw&q=&nis=4&ctype=99&ved=2ahUKEwirhJTmmp2HAxXOMVkFHegOC3Y4UBCErAF6BAgUEBw&adurl=,info@kahnceptions.comCheck
Architectural Kahnceptions PLLC,https://www.googleadservices.com/pagead/aclk?sa=L&ai=DChcSEwia6N7omp2HAxXsUUcBHWHjCAcYABAAGgJxdQ&ase=2&gclid=EAIaIQobChMImuje6JqdhwMV7FFHAR1h4wgHEBAYAiAAEgKvrfD_BwE&ohost=www.google.com&cid=CAASEuRoznaLo3sCxZFw7oyQcYhsPw&sig=AOD64_237bnsPvdcVojBuUav18RnrFfzBQ&q=&nis=4&ctype=99&ved=2ahUKEwiR987omp2HAxUgFlkFHfNKAcE4ZBCErAF6BAgUEBw&adurl=,info@kahnceptions.comCheck
Architectural Kahnceptions PLLC,https://www.googleadservices.com/pagead/aclk?sa=L&ai=DChcSEwi7gcvtmp2HAxXUYUcBHc-eDwEYABAAGgJxdQ&ase=2&gclid=EAIaIQobChMIu4HL7ZqdhwMV1GFHAR3Png8BEBAYAiAAEgKs2PD_BwE&ohost=www.google.com&cid=CAASEuRoLQZFvqZ81HGUKAzJtwjcjA&sig=AOD64_3nX8LN35XbQmd51yBd6ZECUz5ItA&q=&nis=4&ctype=99&ved=2ahUKEwjLv8Xtmp2HAxWWF1kFHZYYCOc4jAEQhKwBegQIGRAc&adurl=,info@kahnceptions.comCheck
Architectural Kahnceptions PLLC,https://www.googleadservices.com/pagead/aclk?sa=L&ai=DChcSEwj_44rwmp2HAxWmXUcBHTBmC3IYABAAGgJxdQ&ase=2&gclid=EAIaIQobChMI_-OK8JqdhwMVpl1HAR0wZgtyEBAYAiAAEgI1hvD_BwE&ohost=www.google.com&cid=CAASEuRoaIG_Ecjx7Ol9PWWTvB7qQA&sig=AOD64_11wZrTq7PeXQSAaNNBAOeb4zlE1w&q=&nis=4&ctype=99&ved=2ahUKEwjqhYXwmp2HAxVPEGIAHQKbC604oAEQhKwBegQIEhAc&adurl=,info@kahnceptions.comCheck
Arctic Chill HVAC Solutions,http://arcticchillhvacny.com/,support@townsquareinteractive.com
Argen Build Contracting LLC,http://www.argenbuild.com/,hello@argenbuild.com
Arista Renovation,http://aristarenovation.com/,Aristagc@hotmail.com
Armando Construction,https://www.handymanrooseveltny.com/,armandozavala585@gmail.com
Armond Cement Contracting Co,http://armondcement.com/,esposito@armondcement.com
Armond Cement Contracting Co. Inc.,https://armondcement.com/contact-us,esposito@armondcement.com
Aslam Roofing and Waterproofing,http://aslamandsons.com/,aslamsonsgc@aslamandsons.com
Atlas Plumbing & Meter Works Inc,http://www.atlasplumbingnyc.com/,atlasplumbingnyc@gmail.com
Aura Painting home improvement,https://www.aura-painting.com/?utm_source=gmb&utm_medium=referral,aurapaint1@gmail.com
Austin Plumbing & Heating,http://austinplumbingny.com/,835-3555austinplumbing@gmail.com
Azul Painting Corp.,https://www.azulpaint.com/,info@azulpaint.com
"B&L Testing and Balancing, LLC",http://www.bltestingandbalancing.com/?utm_source=gmb&utm_medium=gmbinfo&utm_campaign=GMBG,info@bltab.com
B. C. Lawn Service Inc. DBA B.C.Masonry,http://bclawnserviceandmasonry.com/,marcbogen@bclawnserviceinc.com
B.A.C. Systems Inc,http://www.bacsystemsinc.com/,email@website.com
BAHA Construction Corp - Premier Bathroom Kitchen Remodel Contractor in Brooklyn,https://bahacorp.com/,BAHACorpNY@gmail.com
"BBC Mechanical, Inc.",http://bbcmechanical.com/,bobby@bbcmechanical.comWebsite
BP Spartan Mechanical HVAC Queens,https://bpspartanmechanical.com/,bp.spartan300@gmail.com
BSM Builders,https://bsmbuilder.com/,bsmbuilderspro@gmail.com
Barry's My Carpet,https://barrysmyflooring.com/,info@barrysmyflooring.com
Bass Building Systems,https://www.bassbuildingsystems.com/contact,robb@bassbuildingsystems.com
Bathroom & Kitchen Remodel Massapequa,http://bathroomandkitchenremodel.com/,info@bathroomandkitchenremodel.com
Bathroom & Kitchen Remodeling Contractor,http://bathroomandkitchenremodel.com/,info@bathroomandkitchenremodel.com
Bay Ridge Painting,https://www.bayridgepainting.us/,bayridgepainting199@gmail.com
Beavers masonry,https://beaversmasonry.com/,beaversmasonry02@gmail.com
Bell Blvd Electrical Contractors,http://bellblvdelectricalcontractors.com/,Quote@BellBlvdElectricalContractors.com
Bella Brothers Construction,http://www.bellabrothers.com/,bellabrothers@comcast.net
Bellmore FT Electric,https://www.facebook.com/pg/iwirelive/about/,978-4642iwirelive@aol.comAlways
Ben's General Contracting Corp,https://bgccorp.com/,service@bgccorp.com
Best Air HVAC Inc.,https://www.bestairny.com/,bestairny@gmail.com
Best Family Construction INC,https://bestfamilyconstruction.com/,bestfamilyconstruction@gmail.com
Beyond Designs & Remodeling,https://www.beyonddesignsny.com/,info@beyonddesignsny.com
Bhatia Electrical Contracting Corp,https://bhatiaelectricalcontracting.com/,bhatiaelectricalcontracting@gmail.com
BiCounty Electric,http://www.bicountyelectric.com/,bicountyeci@gmail.com
Bianco Electric,https://biancoelectric.com/,benbiancoelectric@gmail.com
Bill Wiener Heating & AC Services,http://www.boilerbillny.com/,boilerbill72@gmail.com
"Blake Windows, Siding & Roofing",https://www.blakewsr.com/,info@blakewsr.com
Block Renovation,https://www.blockrenovation.com/,sales@blockrenovation.com
Blue Line Home Improvements,http://www.bluelineforu.com/,bluelineforu@gmail.com
Boccia Inc. Waterproofing and Masonry Specialists,https://www.bocciabros.com/,info@bocciabros.com
Bodee Construction,https://bodeeconstruction.com/contact-us/,BodeeConstruction@gmail.com
Bold Mechanical & Controls Enterprise Inc.,https://www.boldmechanical.nyc/,office@boldmechanical.nyc
Boris Mechanical,https://www.googleadservices.com/pagead/aclk?sa=L&ai=DChcSEwj7humwm52HAxUsakcBHTM1C4IYABAHGgJxdQ&ase=2&gclid=EAIaIQobChMI-4bpsJudhwMVLGpHAR0zNQuCEBAYAiAAEgJDNfD_BwE&ohost=www.google.com&cid=CAASEuRoM7qUX8BVxpcDf48Cq_r2Ew&sig=AOD64_3ljDHMF5KPDlTF6N6wXYV-sYOidQ&q=&nis=4&ctype=99&ved=2ahUKEwiXtNuwm52HAxVzMlkFHcT1CPM4KBCErAF6BAgpECA&adurl=,info@borismechanical.com
Boris Mechanical,https://www.googleadservices.com/pagead/aclk?sa=L&ai=DChcSEwiFkIW4m52HAxW0S0cBHVIdAnEYABAHGgJxdQ&ase=2&gclid=EAIaIQobChMIhZCFuJudhwMVtEtHAR1SHQJxEBAYAiAAEgKxBfD_BwE&ohost=www.google.com&cid=CAASEuRo9CIPWMY0o37TFlwaRmz3HQ&sig=AOD64_32WAxCkiszXgwo2ZNK160FAbxF8w&q=&nis=4&ctype=99&ved=2ahUKEwiP8f23m52HAxVZKlkFHdfhC7o4ZBCErAF6BAgYECA&adurl=,info@borismechanical.com
Boris Mechanical,https://www.googleadservices.com/pagead/aclk?sa=L&ai=DChcSEwiXn4-9m52HAxWsXkcBHfqVAOkYABAHGgJxdQ&ase=2&gclid=EAIaIQobChMIl5-PvZudhwMVrF5HAR36lQDpEBAYAiAAEgLfefD_BwE&ohost=www.google.com&cid=CAASEuRot1gZ_WopW3A8ch1ytYjcjw&sig=AOD64_00KjAWYOmeXcXGDNZhMc4bMQevTw&q=&nis=4&ctype=99&ved=2ahUKEwin5om9m52HAxVXEVkFHcyLAlI4jAEQhKwBegQILBAg&adurl=,info@borismechanical.com
Boris Mechanical,https://www.googleadservices.com/pagead/aclk?sa=L&ai=DChcSEwiu-ffBm52HAxXhSkcBHZ7yDnEYABAHGgJxdQ&ase=2&gclid=EAIaIQobChMIrvn3wZudhwMV4UpHAR2e8g5xEBAYAiAAEgJMtPD_BwE&ohost=www.google.com&cid=CAASEuRo_q7Xh7-XVjrotb8YbUBQZw&sig=AOD64_0eY-pjhbj9aFw22rkboCHtF8DZyg&q=&nis=4&ctype=99&ved=2ahUKEwil7_LBm52HAxVWElkFHaX5Apc4tAEQhKwBegQIGBAg&adurl=,info@borismechanical.com
Brian Fenning Plumbing & Heating,http://www.brianfenningplumbing.com/,fenningplumbing@gmail.com
Brian HVAC and Mechanical LLC,https://brianhvac-mechanical.com/,brianhvac58@hotmail.com
Brick Pointing And Masonry Contractor NYC,https://brickpointingnyc.com/,info@crnycgroup.com
Brick Tech Contracting Corp,http://www.bricktechnyc.com/,bricktechnyc@gmail.com
Brickstone Construction & Renovation Inc,https://bscon.us/,info@brickstoneconstructionny.us
Brinco Mechanical Management Services Inc,http://www.brinco.com/?utm_source=GMBlisting&utm_medium=organic,info@brinco.com
Brite Coat Painting,https://britecoatpainting.com/,info@britecoatpainting.com
Bsa Home Improvement Contractor S Corp.,http://bsacontracting.com/,barry@bsacontracting.com
Buddy Lowman Painting Inc,https://www.lowmanpainting.com/,rich@lowmanpainting.com
Building Permits Zoom,http://buildingpermitszoom.com/,info@bpzoom.com
Built Right Renovations,http://builtrightny.com/,roy@builtrightny.com
Burrell's Professional Painting L.L.C,https://www.burrellsprofessionalpaintingllc.com/,-954-2785GodControl1980@gmail.com
Busch Bros Cesspool Sewer & Drain Corp,https://www.googleadservices.com/pagead/aclk?sa=L&ai=DChcSEwjLgferm52HAxWFjMIIHSDpAtEYABAHGgJqZg&ase=2&gclid=EAIaIQobChMIy4H3q5udhwMVhYzCCB0g6QLREBAYAiAAEgL4QfD_BwE&ohost=www.google.com&cid=CAASEuRoAIWBtBjJQ56CsUx1Z7e16g&sig=AOD64_2RcmXLwDFkRceDF2EA5i2Aru_E_w&q=&nis=4&ctype=99&ved=2ahUKEwirveyrm52HAxV7r5UCHRM3C3sQhKwBegQIGxAg&adurl=,kdemaio@hotmail.com
Busch Bros Cesspool Sewer & Drain Corp,https://www.googleadservices.com/pagead/aclk?sa=L&ai=DChcSEwii8rKum52HAxXmWEcBHakfBEsYABAHGgJxdQ&ase=2&gclid=EAIaIQobChMIovKyrpudhwMV5lhHAR2pHwRLEBAYAiAAEgI8pfD_BwE&ohost=www.google.com&cid=CAASEuRoqm3N6cnhiXPGl8l0_flGJQ&sig=AOD64_2JggIVrk7UKWL2wKyDG18X6cBhiQ&q=&nis=4&ctype=99&ved=2ahUKEwjk1aWum52HAxXBEFkFHUnfBPE4FBCErAF6BAgWECA&adurl=,kdemaio@hotmail.com
Busch Bros Cesspool Sewer & Drain Corp,https://www.googleadservices.com/pagead/aclk?sa=L&ai=DChcSEwiEiaSzm52HAxWjakcBHSJJD28YABAHGgJxdQ&ase=2&gclid=EAIaIQobChMIhImks5udhwMVo2pHAR0iSQ9vEBAYAiAAEgLkvvD_BwE&ohost=www.google.com&cid=CAASEuRoX_dQ9UEkpVj4-csj99flzw&sig=AOD64_08mNKhDIYl06phOnVu2E6tiVS_Og&q=&nis=4&ctype=99&ved=2ahUKEwikiZezm52HAxVPEVkFHbhACms4PBCErAF6BAgsECA&adurl=,kdemaio@hotmail.com
Busch Bros Cesspool Sewer & Drain Corp,https://www.googleadservices.com/pagead/aclk?sa=L&ai=DChcSEwivgdy1m52HAxXVZ0cBHSQ1CTMYABAHGgJxdQ&ase=2&gclid=EAIaIQobChMIr4HctZudhwMV1WdHAR0kNQkzEBAYAiAAEgKg6fD_BwE&ohost=www.google.com&cid=CAASEuRo8B5R3BhQ_tJlhdgtSyqU2Q&sig=AOD64_1f8FVQCVYUbr3Z3cXc4gMm5_38bw&q=&nis=4&ctype=99&ved=2ahUKEwjx_9W1m52HAxUCElkFHdzkDXQ4UBCErAF6BAgZECA&adurl=,kdemaio@hotmail.com
Busch Bros Cesspool Sewer & Drain Corp,https://www.googleadservices.com/pagead/aclk?sa=L&ai=DChcSEwjd_8y6m52HAxVzZEcBHQMHBFgYABAHGgJxdQ&ase=2&gclid=EAIaIQobChMI3f_MupudhwMVc2RHAR0DBwRYEBAYAiAAEgI3bPD_BwE&ohost=www.google.com&cid=CAASEuRoi0WmjQhCj-aNBgubkmqhHA&sig=AOD64_280_co5IqLjGLeKWd77DjAm6rgxA&q=&nis=4&ctype=99&ved=2ahUKEwj--ca6m52HAxWXFlkFHU-nBh44eBCErAF6BAgYECA&adurl=,kdemaio@hotmail.com
Busch Bros Cesspool Sewer & Drain Corp,https://www.googleadservices.com/pagead/aclk?sa=L&ai=DChcSEwjIu72_m52HAxXoTUcBHWRZCi4YABAHGgJxdQ&ase=2&gclid=EAIaIQobChMIyLu9v5udhwMV6E1HAR1kWQouEBAYAiAAEgLbgvD_BwE&ohost=www.google.com&cid=CAASEuRoBN-HseTZKXrxKz9Kq56sbw&sig=AOD64_18kKgWivuExJoKdWW3mWQuCQ3zww&q=&nis=4&ctype=99&ved=2ahUKEwjqjbi_m52HAxUWD1kFHc79A_c4oAEQhKwBegQIFRAg&adurl=,kdemaio@hotmail.com
C&D Masonry and Construction,http://www.cdmasons.com/,info@cdmasons.com
CENTRE PLUMBING & HEATING,http://www.centreplumbing.com/,aiservice8600@gmail.com
CGP Construction Corp.,https://www.cgpconstructioncorp.com/,cgpconstructioncorp@gmail.com
CLJ Roofing & Construction,https://www.cljroofingandconstruction.com/,contact@cljroofingandconstruction.com
CP Painting Company CT,https://www.cppaintersct.com/,cppaintersquote@gmail.com
CSB Home Improvements Inc.,http://www.csbhomeimprovementsinc.com/,beth@csbhomeimprovements.com
Cabrera Construction L.L.C.,https://www.facebook.com/profile.php?id=100063648397299,377-7454cabreraconstructionli@gmail.comNot
Caesar's Construction llc,http://caesarsconstruction.com/,info@caesarsconstruction.com
Capitol Electric Corp.,https://www.capitolelectricny.com/,info@capitolelectriccorp.com
Captain Renovation & Contracting Inc,https://captaincontracting.com/,captainrenovation@gmail.com
Capuano Construction Corp.,http://www.capuanoconstruction.org/,Will@capuanoconstruction.org
Carapella Electric,http://carapellaelectric.com/,jc@carapellaelectric.com
"Carpentry & Millwork, Inc.",http://cmillworkny.com/,Estimating@cmillworkny.com
Carpentry Innovations,https://www.carpentryinnovationsnj.com/,slpizzollo@gmail.com
Center County Air Conditioning,https://centercounty.com/,centercountyac@yahoo.com
Center Island Contracting,https://www.centerislandcontracting.com/,info@centerislandcontracting.com
Certified Electrical Services LLC,http://www.gocertifiedelectric.com/,Certifiedelectric@mail.com
"Cerullo Landscape, Hardscape & Irrigation",https://www.cerullolandscape.com/,info@cerullolandscape.com
Cifuentes Painting Contractors,http://cifuentespaintingcontractors.com/,hector@cifuentespaintingcontractors.com
Cilento Pipeline Plumbing & Heating Inc.,http://www.pipelineny.com/,info@pipelineny.com
Cioffi General Contracting Corp,http://www.ciofficontracting.com/contact.html,ciofficontracting@gmail.com
Cipco Board Up Service,https://cipcoboarding.com/,info@cipcoboarding.com
Cipriano's Landscaping,http://www.ciprianoslandscaping.com/,ciprianoslandscaping@gmail.com
City wide Construction & Painting,https://www.procitywide.com/,info@procitywide.com
CityWide Home Improvements,https://citywidehi.com/,jodi@citywidehi.com
Citypro Contracting Brownstone Facade Restoration & Masonry Contractor,https://cityprocontracting.com/,CITYPRO7902@GMAIL.COM
"Citywide Roofing & Gutters, Inc.",https://www.citywideroofingny.com/,citywideroofny@aol.com
Classic Paving And Masonry,http://www.classicpavingli.com/,info@classicpavingli.com
Classic Remodeling Group Inc,https://www.crgli.com/,crginc@hotmail.com
Clearview Roofing & Construction Rockville Centre,http://www.longislandroofs.com/,clearviewnorthport@gmail.com
Commercial Roofing Services,https://www.commercialroofernewyork.com/contact/,4seasonsroofing@optonline.net
Complete Landscaping & Masonry,https://completelm.com/,info@completelm.com
Corcon,http://www.corcon-usa.com/,rdelisi@corcon-usa.com
Creative Contracting,https://www.creativemasonryandconcrete.com/,creative0808@gmail.com
Creative Landscapes by Patrick Thomas,http://designsbycreativelandscapes.com/,patrickthomasdesigns@gmail.com
"Crossland Management & Electric, Inc.",https://www.crosslandinc.com/,info@crosslandinc.com
Custom Carpentry Kroll Building LLC.,https://www.customcarpentrykrollbuilding.com/,krollbuilding@yahoo.com
D & A Home Improvement NYC Inc,http://dahinyc1.com/,dahomeimprovementnyc@gmail.com
D Singh General Contractors Inc.,https://dsinghcontractors.com/,info@dsinghcontractors.com
DC Carpentry & Painting Solutions,http://dccarpentrypainting.com/,dennis@dccarpentrypainting.com
DCON Renovations & Remodeling,https://www.dconrenovations.com/,info@dconre.com
DJ's Home Improvements,http://www.djshome.com/,contact@djshome.com
DLK CARPENTRY LLC - GENERAL HOME IMPROVEMENT - LICENSED & INSURED,http://www.dlkcarpentryllc.com/,DLKCarpentryllc@gmail.com
DNR Electrical Contracting INC,https://www.dnrelectricinc.co/,ramesh@dnrelectricinc.co
Da Vinci Construction,https://davinciconstruction.com/,admin@DaVinciConstruction.com
Damarks Construction,https://damarksconstruction.com/,damarksconstruction@gmail.com
Danielle Rose Design Co.,http://www.daniellerosedesignco.com/,hello@daniellerosedesignco.com
Dashing Dan's Plumbing & Heating Inc.,https://dashingdans.com/,Support@DashingDans.com
David's Construction & Home Improvement Corp.,http://davidsconstruction.com/,office@davidsconstruction.com
Daylight Home Improvement,https://daylighthomeimprovement.com/,daylightroofing@gmail.com
"Dblas Plumbing, Heating & Air Conditioning",https://www.dblasplumbingheating.com/,dblasplumbingheating@gmail.com
"DeLuca Masonry Construction, LLC",https://www.delucamasonry.com/,info@delucamasonry.com
Deep Freeze Refrigeration,https://deepfreezehvac.com/,deepfreeze316@optimum.net
"Deep Freeze Refrigeration, Air Conditioning And Heating",http://deepfreezehvac.com/,deepfreeze316@optimum.net
DelCore Electric,https://www.delcoreelectric.com/,sales@delcoreelectric.com
Delgado Home Improvement,https://www.delgadohomeimprovement.com/contact-us,LeoyTessyDelgado@gmail.com
Dennis Bott Electrical Contracting Corp,http://bottelectrical.com/,dBott@BottElectrical.com
Derek and Brothers,https://www.derekandbrothers.com/,info@mysite.com
Design-By-RJ,http://www.design-by-rj.com/,Rjonesfaverealty@gmail.com
Diamond Housecraft Vinyl Sdng,http://www.diamondhousecraft.com/,diamondhousecraft@gmail.com
Diamond Masonry & Waterproofing,https://diamondbasementwaterproofing.com/,diamondmasonryny@aol.com
"Diaz Touch Landscaping Services, Inc",http://www.diaztouchlandscaping.com/,diaztouchlandscaping@gmail.com
Dicosimo General Contracting,http://www.dicosimogc.com/,dicosimogc@optonline.net
Dinuzzo Masonry,https://www.dinuzzomasonry.com/,dinuzzop@yahoo.com
Dirty Mikes Demolition & Construction Inc,https://www.dirtymikesdandc.com/,DirtyMikesDandC@gmail.com
Distinctive Design Masonry Construction Company,https://www.facebook.com/distinctivedesignsconstruction/,417-6176distinctivedesignmasonry@gmail.comNot
"Dream Homes Remodeling - contractor , kitchens , bathrooms , designer",http://dreamhomesremodeling.nyc/,filler@godaddy.comBookingsMy
Dream House Home Improvement Inc,http://dreamhouseincny.com/,dreamhouse734@gmail.com
Dreams to Reality Home Design,http://www.d2rhomedesign.com/,D2rhd19@gmail.com
Drexler Construction Corp,http://www.drexlercorp.net/,drexlercorp@aol.com
